2019-12-13 00:19:31;RMMA
2019-12-13 00:22:40;RMMA
2019-12-13 00:27:38;orofacial
2019-12-13 00:28:16;orofacial
2019-12-13 00:47:07;orofacial
2019-12-13 01:20:35;orofacial
2019-12-13 01:21:28;orofacial
2019-12-13 01:27:02;orofacial
2019-12-13 01:27:54;orofacial
2019-12-13 01:28:59;orofacial
2019-12-13 01:29:37;orofacial
2019-12-13 01:29:44;orofacial
2019-12-13 01:29:50;orofacial
2019-12-13 01:32:03;orofacial
2019-12-13 01:36:15;RMMA
2019-12-13 01:36:38;RMMA
2019-12-13 01:37:17;orofacial
2019-12-13 01:37:21;orofacial
2019-12-13 02:15:31;orofacial
2019-12-13 02:16:13;orofacial
2019-12-13 02:16:32;orofacial
2019-12-13 02:16:49;orofacial
2019-12-13 02:17:14;orofacial
2019-12-13 02:17:27;orofacial
2019-12-13 02:17:55;orofacial
2019-12-13 02:19:38;orofacial
2019-12-13 02:20:04;RMMA
2019-12-13 02:20:12;orofacial
2019-12-13 02:20:47;orofacial
2019-12-13 02:21:07;orofacial
2019-12-13 02:22:51;orofacial
2019-12-13 02:23:16;orofacial
2019-12-13 02:27:49;orofacial
2019-12-13 02:43:15;orofacial
2019-12-13 02:43:49;orofacial
2019-12-13 02:43:54;orofacial
2019-12-13 02:44:53;orofacial
2019-12-13 02:45:51;orofacial
2019-12-13 02:48:29;orofacial
2019-12-13 02:48:39;orofacial
2019-12-13 02:55:06;orofacial
2019-12-13 02:59:50;orofacial
2019-12-13 02:59:59;orofacial
2019-12-13 04:15:30;orofacial
2019-12-13 04:19:21;orofacial
2019-12-13 04:20:50;orofacial
2019-12-13 04:21:31;orofacial
2019-12-13 04:41:14;orofacial
2019-12-13 04:45:39;orofacial
2019-12-13 04:47:52;orofacial