Start Time,End Time,Sleep
09/01/2020 23:16,09/01/2020 23:17,Wake
09/01/2020 23:17,09/01/2020 23:17,N1
09/01/2020 23:17,09/01/2020 23:18,N1
09/01/2020 23:18,09/01/2020 23:18,N2
09/01/2020 23:18,09/01/2020 23:19,N2
09/01/2020 23:19,09/01/2020 23:19,N2
09/01/2020 23:19,09/01/2020 23:20,N2
09/01/2020 23:20,09/01/2020 23:20,N2
09/01/2020 23:20,09/01/2020 23:21,N2
09/01/2020 23:21,09/01/2020 23:21,N2
09/01/2020 23:21,09/01/2020 23:22,N2
09/01/2020 23:22,09/01/2020 23:22,N2
09/01/2020 23:22,09/01/2020 23:23,N2
09/01/2020 23:23,09/01/2020 23:23,N2
09/01/2020 23:23,09/01/2020 23:24,N2
09/01/2020 23:24,09/01/2020 23:24,N2
09/01/2020 23:24,09/01/2020 23:25,N2
09/01/2020 23:25,09/01/2020 23:25,N2
09/01/2020 23:25,09/01/2020 23:26,N2
09/01/2020 23:26,09/01/2020 23:26,N2
09/01/2020 23:26,09/01/2020 23:27,Wake
09/01/2020 23:27,09/01/2020 23:27,Wake
09/01/2020 23:27,09/01/2020 23:28,Wake
09/01/2020 23:28,09/01/2020 23:28,Wake
09/01/2020 23:28,09/01/2020 23:29,Wake
09/01/2020 23:29,09/01/2020 23:29,Wake
09/01/2020 23:29,09/01/2020 23:30,Wake
09/01/2020 23:30,09/01/2020 23:30,Wake
09/01/2020 23:30,09/01/2020 23:31,Wake
09/01/2020 23:31,09/01/2020 23:31,Wake
09/01/2020 23:31,09/01/2020 23:32,Wake
09/01/2020 23:32,09/01/2020 23:32,Wake
09/01/2020 23:32,09/01/2020 23:33,Wake
09/01/2020 23:33,09/01/2020 23:33,Wake
09/01/2020 23:33,09/01/2020 23:34,Wake
09/01/2020 23:34,09/01/2020 23:34,Wake
09/01/2020 23:34,09/01/2020 23:35,Wake
09/01/2020 23:35,09/01/2020 23:35,Wake
09/01/2020 23:35,09/01/2020 23:36,Wake
09/01/2020 23:36,09/01/2020 23:36,Wake
09/01/2020 23:36,09/01/2020 23:37,Wake
09/01/2020 23:37,09/01/2020 23:37,Wake
09/01/2020 23:37,09/01/2020 23:38,Wake
09/01/2020 23:38,09/01/2020 23:38,Wake
09/01/2020 23:38,09/01/2020 23:39,Wake
09/01/2020 23:39,09/01/2020 23:39,Wake
09/01/2020 23:39,09/01/2020 23:40,Wake
09/01/2020 23:40,09/01/2020 23:40,Wake
09/01/2020 23:40,09/01/2020 23:41,Wake
09/01/2020 23:41,09/01/2020 23:41,Wake
09/01/2020 23:41,09/01/2020 23:42,Wake
09/01/2020 23:42,09/01/2020 23:42,Wake
09/01/2020 23:42,09/01/2020 23:43,Wake
09/01/2020 23:43,09/01/2020 23:43,Wake
09/01/2020 23:43,09/01/2020 23:44,Wake
09/01/2020 23:44,09/01/2020 23:44,Wake
09/01/2020 23:44,09/01/2020 23:45,Wake
09/01/2020 23:45,09/01/2020 23:45,Wake
09/01/2020 23:45,09/01/2020 23:46,Wake
09/01/2020 23:46,09/01/2020 23:46,Wake
09/01/2020 23:46,09/01/2020 23:47,Wake
09/01/2020 23:47,09/01/2020 23:47,Wake
09/01/2020 23:47,09/01/2020 23:48,Wake
09/01/2020 23:48,09/01/2020 23:48,Wake
09/01/2020 23:48,09/01/2020 23:49,Wake
09/01/2020 23:49,09/01/2020 23:49,Wake
09/01/2020 23:49,09/01/2020 23:50,Wake
09/01/2020 23:50,09/01/2020 23:50,Wake
09/01/2020 23:50,09/01/2020 23:51,Wake
09/01/2020 23:51,09/01/2020 23:51,Wake
09/01/2020 23:51,09/01/2020 23:52,Wake
09/01/2020 23:52,09/01/2020 23:52,Wake
09/01/2020 23:52,09/01/2020 23:53,Wake
09/01/2020 23:53,09/01/2020 23:53,Wake
09/01/2020 23:53,09/01/2020 23:54,Wake
09/01/2020 23:54,09/01/2020 23:54,Wake
09/01/2020 23:54,09/01/2020 23:55,Wake
09/01/2020 23:55,09/01/2020 23:55,Wake
09/01/2020 23:55,09/01/2020 23:56,Wake
09/01/2020 23:56,09/01/2020 23:56,Wake
09/01/2020 23:56,09/01/2020 23:57,Wake
09/01/2020 23:57,09/01/2020 23:57,Wake
09/01/2020 23:57,09/01/2020 23:58,Wake
09/01/2020 23:58,09/01/2020 23:58,Wake
09/01/2020 23:58,09/01/2020 23:59,Wake
09/01/2020 23:59,09/01/2020 23:59,Wake
09/01/2020 23:59,10/01/2020 00:00,Wake
10/01/2020 00:00,10/01/2020 00:00,Wake
10/01/2020 00:00,10/01/2020 00:01,Wake
10/01/2020 00:01,10/01/2020 00:01,Wake
10/01/2020 00:01,10/01/2020 00:02,Wake
10/01/2020 00:02,10/01/2020 00:02,Wake
10/01/2020 00:02,10/01/2020 00:03,Wake
10/01/2020 00:03,10/01/2020 00:03,Wake
10/01/2020 00:03,10/01/2020 00:04,Wake
10/01/2020 00:04,10/01/2020 00:04,Wake
10/01/2020 00:04,10/01/2020 00:05,Wake
10/01/2020 00:05,10/01/2020 00:05,Wake
10/01/2020 00:05,10/01/2020 00:06,Wake
10/01/2020 00:06,10/01/2020 00:06,Wake
10/01/2020 00:06,10/01/2020 00:07,Wake
10/01/2020 00:07,10/01/2020 00:07,Wake
10/01/2020 00:07,10/01/2020 00:08,Wake
10/01/2020 00:08,10/01/2020 00:08,Wake
10/01/2020 00:08,10/01/2020 00:09,Wake
10/01/2020 00:09,10/01/2020 00:09,Wake
10/01/2020 00:09,10/01/2020 00:10,Wake
10/01/2020 00:10,10/01/2020 00:10,Wake
10/01/2020 00:10,10/01/2020 00:11,Wake
10/01/2020 00:11,10/01/2020 00:11,Wake
10/01/2020 00:11,10/01/2020 00:12,Wake
10/01/2020 00:12,10/01/2020 00:12,Wake
10/01/2020 00:12,10/01/2020 00:13,Wake
10/01/2020 00:13,10/01/2020 00:13,Wake
10/01/2020 00:13,10/01/2020 00:14,Wake
10/01/2020 00:14,10/01/2020 00:14,Wake
10/01/2020 00:14,10/01/2020 00:15,Wake
10/01/2020 00:15,10/01/2020 00:15,Wake
10/01/2020 00:15,10/01/2020 00:16,Wake
10/01/2020 00:16,10/01/2020 00:16,Wake
10/01/2020 00:16,10/01/2020 00:17,Wake
10/01/2020 00:17,10/01/2020 00:17,Wake
10/01/2020 00:17,10/01/2020 00:18,Wake
10/01/2020 00:18,10/01/2020 00:18,Wake
10/01/2020 00:18,10/01/2020 00:19,Wake
10/01/2020 00:19,10/01/2020 00:19,Wake
10/01/2020 00:19,10/01/2020 00:20,Wake
10/01/2020 00:20,10/01/2020 00:20,Wake
10/01/2020 00:20,10/01/2020 00:21,Wake
10/01/2020 00:21,10/01/2020 00:21,Wake
10/01/2020 00:21,10/01/2020 00:22,Wake
10/01/2020 00:22,10/01/2020 00:22,Wake
10/01/2020 00:22,10/01/2020 00:23,Wake
10/01/2020 00:23,10/01/2020 00:23,Wake
10/01/2020 00:23,10/01/2020 00:24,Wake
10/01/2020 00:24,10/01/2020 00:24,Wake
10/01/2020 00:24,10/01/2020 00:25,Wake
10/01/2020 00:25,10/01/2020 00:25,Wake
10/01/2020 00:25,10/01/2020 00:26,Wake
10/01/2020 00:26,10/01/2020 00:26,Wake
10/01/2020 00:26,10/01/2020 00:27,Wake
10/01/2020 00:27,10/01/2020 00:27,Wake
10/01/2020 00:27,10/01/2020 00:28,Wake
10/01/2020 00:28,10/01/2020 00:28,Wake
10/01/2020 00:28,10/01/2020 00:29,N1
10/01/2020 00:29,10/01/2020 00:29,N1
10/01/2020 00:29,10/01/2020 00:30,N1
10/01/2020 00:30,10/01/2020 00:30,N1
10/01/2020 00:30,10/01/2020 00:31,N1
10/01/2020 00:31,10/01/2020 00:31,N2
10/01/2020 00:31,10/01/2020 00:32,N2
10/01/2020 00:32,10/01/2020 00:32,N2
10/01/2020 00:32,10/01/2020 00:33,N2
10/01/2020 00:33,10/01/2020 00:33,N2
10/01/2020 00:33,10/01/2020 00:34,N2
10/01/2020 00:34,10/01/2020 00:34,N2
10/01/2020 00:34,10/01/2020 00:35,N2
10/01/2020 00:35,10/01/2020 00:35,N2
10/01/2020 00:35,10/01/2020 00:36,N2
10/01/2020 00:36,10/01/2020 00:36,N3
10/01/2020 00:36,10/01/2020 00:37,N3
10/01/2020 00:37,10/01/2020 00:37,N3
10/01/2020 00:37,10/01/2020 00:38,N3
10/01/2020 00:38,10/01/2020 00:38,N3
10/01/2020 00:38,10/01/2020 00:39,N3
10/01/2020 00:39,10/01/2020 00:39,N3
10/01/2020 00:39,10/01/2020 00:40,N3
10/01/2020 00:40,10/01/2020 00:40,N3
10/01/2020 00:40,10/01/2020 00:41,N3
10/01/2020 00:41,10/01/2020 00:41,N3
10/01/2020 00:41,10/01/2020 00:42,N3
10/01/2020 00:42,10/01/2020 00:42,N3
10/01/2020 00:42,10/01/2020 00:43,N3
10/01/2020 00:43,10/01/2020 00:43,N3
10/01/2020 00:43,10/01/2020 00:44,N3
10/01/2020 00:44,10/01/2020 00:44,N3
10/01/2020 00:44,10/01/2020 00:45,N3
10/01/2020 00:45,10/01/2020 00:45,N3
10/01/2020 00:45,10/01/2020 00:46,N3
10/01/2020 00:46,10/01/2020 00:46,N3
10/01/2020 00:46,10/01/2020 00:47,N3
10/01/2020 00:47,10/01/2020 00:47,N3
10/01/2020 00:47,10/01/2020 00:48,N3
10/01/2020 00:48,10/01/2020 00:48,N3
10/01/2020 00:48,10/01/2020 00:49,N3
10/01/2020 00:49,10/01/2020 00:49,N3
10/01/2020 00:49,10/01/2020 00:50,N3
10/01/2020 00:50,10/01/2020 00:50,N3
10/01/2020 00:50,10/01/2020 00:51,N3
10/01/2020 00:51,10/01/2020 00:51,N3
10/01/2020 00:51,10/01/2020 00:52,N3
10/01/2020 00:52,10/01/2020 00:52,N3
10/01/2020 00:52,10/01/2020 00:53,N3
10/01/2020 00:53,10/01/2020 00:53,N3
10/01/2020 00:53,10/01/2020 00:54,N3
10/01/2020 00:54,10/01/2020 00:54,N3
10/01/2020 00:54,10/01/2020 00:55,N3
10/01/2020 00:55,10/01/2020 00:55,N3
10/01/2020 00:55,10/01/2020 00:56,N3
10/01/2020 00:56,10/01/2020 00:56,N3
10/01/2020 00:56,10/01/2020 00:57,N3
10/01/2020 00:57,10/01/2020 00:57,N3
10/01/2020 00:57,10/01/2020 00:58,N3
10/01/2020 00:58,10/01/2020 00:58,N3
10/01/2020 00:58,10/01/2020 00:59,N3
10/01/2020 00:59,10/01/2020 00:59,N3
10/01/2020 00:59,10/01/2020 01:00,N3
10/01/2020 01:00,10/01/2020 01:00,N3
10/01/2020 01:00,10/01/2020 01:01,N3
10/01/2020 01:01,10/01/2020 01:01,N3
10/01/2020 01:01,10/01/2020 01:02,N3
10/01/2020 01:02,10/01/2020 01:02,N3
10/01/2020 01:02,10/01/2020 01:03,N3
10/01/2020 01:03,10/01/2020 01:03,N3
10/01/2020 01:03,10/01/2020 01:04,N3
10/01/2020 01:04,10/01/2020 01:04,N3
10/01/2020 01:04,10/01/2020 01:05,N3
10/01/2020 01:05,10/01/2020 01:05,N3
10/01/2020 01:05,10/01/2020 01:06,N3
10/01/2020 01:06,10/01/2020 01:06,N3
10/01/2020 01:06,10/01/2020 01:07,N3
10/01/2020 01:07,10/01/2020 01:07,N3
10/01/2020 01:07,10/01/2020 01:08,N3
10/01/2020 01:08,10/01/2020 01:08,Wake
10/01/2020 01:08,10/01/2020 01:09,Wake
10/01/2020 01:09,10/01/2020 01:09,N1
10/01/2020 01:09,10/01/2020 01:10,N2
10/01/2020 01:10,10/01/2020 01:10,N2
10/01/2020 01:10,10/01/2020 01:11,N2
10/01/2020 01:11,10/01/2020 01:11,N2
10/01/2020 01:11,10/01/2020 01:12,N2
10/01/2020 01:12,10/01/2020 01:12,N2
10/01/2020 01:12,10/01/2020 01:13,N2
10/01/2020 01:13,10/01/2020 01:13,N2
10/01/2020 01:13,10/01/2020 01:14,N2
10/01/2020 01:14,10/01/2020 01:14,N2
10/01/2020 01:14,10/01/2020 01:15,N2
10/01/2020 01:15,10/01/2020 01:15,N2
10/01/2020 01:15,10/01/2020 01:16,N2
10/01/2020 01:16,10/01/2020 01:16,N2
10/01/2020 01:16,10/01/2020 01:17,N2
10/01/2020 01:17,10/01/2020 01:17,N2
10/01/2020 01:17,10/01/2020 01:18,N2
10/01/2020 01:18,10/01/2020 01:18,N2
10/01/2020 01:18,10/01/2020 01:19,N2
10/01/2020 01:19,10/01/2020 01:19,N2
10/01/2020 01:19,10/01/2020 01:20,N2
10/01/2020 01:20,10/01/2020 01:20,N2
10/01/2020 01:20,10/01/2020 01:21,N2
10/01/2020 01:21,10/01/2020 01:21,N2
10/01/2020 01:21,10/01/2020 01:22,N2
10/01/2020 01:22,10/01/2020 01:22,N2
10/01/2020 01:22,10/01/2020 01:23,N2
10/01/2020 01:23,10/01/2020 01:23,N2
10/01/2020 01:23,10/01/2020 01:24,N3
10/01/2020 01:24,10/01/2020 01:24,N3
10/01/2020 01:24,10/01/2020 01:25,N3
10/01/2020 01:25,10/01/2020 01:25,N3
10/01/2020 01:25,10/01/2020 01:26,N3
10/01/2020 01:26,10/01/2020 01:26,N3
10/01/2020 01:26,10/01/2020 01:27,N2
10/01/2020 01:27,10/01/2020 01:27,N2
10/01/2020 01:27,10/01/2020 01:28,N2
10/01/2020 01:28,10/01/2020 01:28,N2
10/01/2020 01:28,10/01/2020 01:29,N2
10/01/2020 01:29,10/01/2020 01:29,REM
10/01/2020 01:29,10/01/2020 01:30,REM
10/01/2020 01:30,10/01/2020 01:30,REM
10/01/2020 01:30,10/01/2020 01:31,REM
10/01/2020 01:31,10/01/2020 01:31,REM
10/01/2020 01:31,10/01/2020 01:32,REM
10/01/2020 01:32,10/01/2020 01:32,REM
10/01/2020 01:32,10/01/2020 01:33,REM
10/01/2020 01:33,10/01/2020 01:33,REM
10/01/2020 01:33,10/01/2020 01:34,REM
10/01/2020 01:34,10/01/2020 01:34,REM
10/01/2020 01:34,10/01/2020 01:35,REM
10/01/2020 01:35,10/01/2020 01:35,REM
10/01/2020 01:35,10/01/2020 01:36,REM
10/01/2020 01:36,10/01/2020 01:36,REM
10/01/2020 01:36,10/01/2020 01:37,REM
10/01/2020 01:37,10/01/2020 01:37,REM
10/01/2020 01:37,10/01/2020 01:38,REM
10/01/2020 01:38,10/01/2020 01:38,REM
10/01/2020 01:38,10/01/2020 01:39,REM
10/01/2020 01:39,10/01/2020 01:39,REM
10/01/2020 01:39,10/01/2020 01:40,REM
10/01/2020 01:40,10/01/2020 01:40,REM
10/01/2020 01:40,10/01/2020 01:41,REM
10/01/2020 01:41,10/01/2020 01:41,REM
10/01/2020 01:41,10/01/2020 01:42,REM
10/01/2020 01:42,10/01/2020 01:42,REM
10/01/2020 01:42,10/01/2020 01:43,Wake
10/01/2020 01:43,10/01/2020 01:43,N1
10/01/2020 01:43,10/01/2020 01:44,N2
10/01/2020 01:44,10/01/2020 01:44,N2
10/01/2020 01:44,10/01/2020 01:45,N2
10/01/2020 01:45,10/01/2020 01:45,N2
10/01/2020 01:45,10/01/2020 01:46,N2
10/01/2020 01:46,10/01/2020 01:46,N2
10/01/2020 01:46,10/01/2020 01:47,N2
10/01/2020 01:47,10/01/2020 01:47,N2
10/01/2020 01:47,10/01/2020 01:48,N2
10/01/2020 01:48,10/01/2020 01:48,N2
10/01/2020 01:48,10/01/2020 01:49,N2
10/01/2020 01:49,10/01/2020 01:49,N2
10/01/2020 01:49,10/01/2020 01:50,N2
10/01/2020 01:50,10/01/2020 01:50,N3
10/01/2020 01:50,10/01/2020 01:51,N3
10/01/2020 01:51,10/01/2020 01:51,N3
10/01/2020 01:51,10/01/2020 01:52,N3
10/01/2020 01:52,10/01/2020 01:52,N3
10/01/2020 01:52,10/01/2020 01:53,N3
10/01/2020 01:53,10/01/2020 01:53,N3
10/01/2020 01:53,10/01/2020 01:54,N3
10/01/2020 01:54,10/01/2020 01:54,N3
10/01/2020 01:54,10/01/2020 01:55,N3
10/01/2020 01:55,10/01/2020 01:55,N3
10/01/2020 01:55,10/01/2020 01:56,N3
10/01/2020 01:56,10/01/2020 01:56,N3
10/01/2020 01:56,10/01/2020 01:57,N3
10/01/2020 01:57,10/01/2020 01:57,N3
10/01/2020 01:57,10/01/2020 01:58,N3
10/01/2020 01:58,10/01/2020 01:58,N3
10/01/2020 01:58,10/01/2020 01:59,N3
10/01/2020 01:59,10/01/2020 01:59,N3
10/01/2020 01:59,10/01/2020 02:00,N3
10/01/2020 02:00,10/01/2020 02:00,N3
10/01/2020 02:00,10/01/2020 02:01,N3
10/01/2020 02:01,10/01/2020 02:01,N3
10/01/2020 02:01,10/01/2020 02:02,N3
10/01/2020 02:02,10/01/2020 02:02,N3
10/01/2020 02:02,10/01/2020 02:03,N3
10/01/2020 02:03,10/01/2020 02:03,N3
10/01/2020 02:03,10/01/2020 02:04,N3
10/01/2020 02:04,10/01/2020 02:04,N3
10/01/2020 02:04,10/01/2020 02:05,N3
10/01/2020 02:05,10/01/2020 02:05,N3
10/01/2020 02:05,10/01/2020 02:06,N3
10/01/2020 02:06,10/01/2020 02:06,N3
10/01/2020 02:06,10/01/2020 02:07,N3
10/01/2020 02:07,10/01/2020 02:07,N3
10/01/2020 02:07,10/01/2020 02:08,N3
10/01/2020 02:08,10/01/2020 02:08,N3
10/01/2020 02:08,10/01/2020 02:09,N3
10/01/2020 02:09,10/01/2020 02:09,N3
10/01/2020 02:09,10/01/2020 02:10,N3
10/01/2020 02:10,10/01/2020 02:10,N3
10/01/2020 02:10,10/01/2020 02:11,N3
10/01/2020 02:11,10/01/2020 02:11,N3
10/01/2020 02:11,10/01/2020 02:12,N3
10/01/2020 02:12,10/01/2020 02:12,N3
10/01/2020 02:12,10/01/2020 02:13,N3
10/01/2020 02:13,10/01/2020 02:13,N3
10/01/2020 02:13,10/01/2020 02:14,N3
10/01/2020 02:14,10/01/2020 02:14,N3
10/01/2020 02:14,10/01/2020 02:15,N3
10/01/2020 02:15,10/01/2020 02:15,N3
10/01/2020 02:15,10/01/2020 02:16,N3
10/01/2020 02:16,10/01/2020 02:16,N3
10/01/2020 02:16,10/01/2020 02:17,N3
10/01/2020 02:17,10/01/2020 02:17,N3
10/01/2020 02:17,10/01/2020 02:18,N3
10/01/2020 02:18,10/01/2020 02:18,N3
10/01/2020 02:18,10/01/2020 02:19,N3
10/01/2020 02:19,10/01/2020 02:19,N3
10/01/2020 02:19,10/01/2020 02:20,N3
10/01/2020 02:20,10/01/2020 02:20,N3
10/01/2020 02:20,10/01/2020 02:21,N3
10/01/2020 02:21,10/01/2020 02:21,N3
10/01/2020 02:21,10/01/2020 02:22,N3
10/01/2020 02:22,10/01/2020 02:22,N3
10/01/2020 02:22,10/01/2020 02:23,N3
10/01/2020 02:23,10/01/2020 02:23,N3
10/01/2020 02:23,10/01/2020 02:24,N3
10/01/2020 02:24,10/01/2020 02:24,N3
10/01/2020 02:24,10/01/2020 02:25,N3
10/01/2020 02:25,10/01/2020 02:25,N3
10/01/2020 02:25,10/01/2020 02:26,N3
10/01/2020 02:26,10/01/2020 02:26,N3
10/01/2020 02:26,10/01/2020 02:27,N3
10/01/2020 02:27,10/01/2020 02:27,N3
10/01/2020 02:27,10/01/2020 02:28,N3
10/01/2020 02:28,10/01/2020 02:28,N3
10/01/2020 02:28,10/01/2020 02:29,N3
10/01/2020 02:29,10/01/2020 02:29,N3
10/01/2020 02:29,10/01/2020 02:30,N3
10/01/2020 02:30,10/01/2020 02:30,N3
10/01/2020 02:30,10/01/2020 02:31,N3
10/01/2020 02:31,10/01/2020 02:31,N3
10/01/2020 02:31,10/01/2020 02:32,N3
10/01/2020 02:32,10/01/2020 02:32,N3
10/01/2020 02:32,10/01/2020 02:33,N3
10/01/2020 02:33,10/01/2020 02:33,N3
10/01/2020 02:33,10/01/2020 02:34,N3
10/01/2020 02:34,10/01/2020 02:34,N3
10/01/2020 02:34,10/01/2020 02:35,N3
10/01/2020 02:35,10/01/2020 02:35,N3
10/01/2020 02:35,10/01/2020 02:36,N3
10/01/2020 02:36,10/01/2020 02:36,N3
10/01/2020 02:36,10/01/2020 02:37,N3
10/01/2020 02:37,10/01/2020 02:37,N3
10/01/2020 02:37,10/01/2020 02:38,N3
10/01/2020 02:38,10/01/2020 02:38,N2
10/01/2020 02:38,10/01/2020 02:39,N2
10/01/2020 02:39,10/01/2020 02:39,N2
10/01/2020 02:39,10/01/2020 02:40,N2
10/01/2020 02:40,10/01/2020 02:40,N2
10/01/2020 02:40,10/01/2020 02:41,N2
10/01/2020 02:41,10/01/2020 02:41,N2
10/01/2020 02:41,10/01/2020 02:42,N2
10/01/2020 02:42,10/01/2020 02:42,N2
10/01/2020 02:42,10/01/2020 02:43,N2
10/01/2020 02:43,10/01/2020 02:43,N2
10/01/2020 02:43,10/01/2020 02:44,N2
10/01/2020 02:44,10/01/2020 02:44,N2
10/01/2020 02:44,10/01/2020 02:45,REM
10/01/2020 02:45,10/01/2020 02:45,REM
10/01/2020 02:45,10/01/2020 02:46,REM
10/01/2020 02:46,10/01/2020 02:46,REM
10/01/2020 02:46,10/01/2020 02:47,REM
10/01/2020 02:47,10/01/2020 02:47,REM
10/01/2020 02:47,10/01/2020 02:48,REM
10/01/2020 02:48,10/01/2020 02:48,REM
10/01/2020 02:48,10/01/2020 02:49,N2
10/01/2020 02:49,10/01/2020 02:49,N2
10/01/2020 02:49,10/01/2020 02:50,N2
10/01/2020 02:50,10/01/2020 02:50,N2
10/01/2020 02:50,10/01/2020 02:51,N2
10/01/2020 02:51,10/01/2020 02:51,N2
10/01/2020 02:51,10/01/2020 02:52,N2
10/01/2020 02:52,10/01/2020 02:52,N2
10/01/2020 02:52,10/01/2020 02:53,N2
10/01/2020 02:53,10/01/2020 02:53,N2
10/01/2020 02:53,10/01/2020 02:54,N2
10/01/2020 02:54,10/01/2020 02:54,N2
10/01/2020 02:54,10/01/2020 02:55,N2
10/01/2020 02:55,10/01/2020 02:55,N3
10/01/2020 02:55,10/01/2020 02:56,N3
10/01/2020 02:56,10/01/2020 02:56,N3
10/01/2020 02:56,10/01/2020 02:57,N3
10/01/2020 02:57,10/01/2020 02:57,N3
10/01/2020 02:57,10/01/2020 02:58,N3
10/01/2020 02:58,10/01/2020 02:58,N2
10/01/2020 02:58,10/01/2020 02:59,N2
10/01/2020 02:59,10/01/2020 02:59,N2
10/01/2020 02:59,10/01/2020 03:00,N2
10/01/2020 03:00,10/01/2020 03:00,N2
10/01/2020 03:00,10/01/2020 03:01,N2
10/01/2020 03:01,10/01/2020 03:01,N2
10/01/2020 03:01,10/01/2020 03:02,N2
10/01/2020 03:02,10/01/2020 03:02,N2
10/01/2020 03:02,10/01/2020 03:03,N2
10/01/2020 03:03,10/01/2020 03:03,N2
10/01/2020 03:03,10/01/2020 03:04,N2
10/01/2020 03:04,10/01/2020 03:04,N2
10/01/2020 03:04,10/01/2020 03:05,N2
10/01/2020 03:05,10/01/2020 03:05,N3
10/01/2020 03:05,10/01/2020 03:06,N3
10/01/2020 03:06,10/01/2020 03:06,N3
10/01/2020 03:06,10/01/2020 03:07,N3
10/01/2020 03:07,10/01/2020 03:07,N3
10/01/2020 03:07,10/01/2020 03:08,N3
10/01/2020 03:08,10/01/2020 03:08,N3
10/01/2020 03:08,10/01/2020 03:09,N3
10/01/2020 03:09,10/01/2020 03:09,N3
10/01/2020 03:09,10/01/2020 03:10,N3
10/01/2020 03:10,10/01/2020 03:10,N3
10/01/2020 03:10,10/01/2020 03:11,N3
10/01/2020 03:11,10/01/2020 03:11,N3
10/01/2020 03:11,10/01/2020 03:12,N3
10/01/2020 03:12,10/01/2020 03:12,N3
10/01/2020 03:12,10/01/2020 03:13,N3
10/01/2020 03:13,10/01/2020 03:13,N3
10/01/2020 03:13,10/01/2020 03:14,N3
10/01/2020 03:14,10/01/2020 03:14,N3
10/01/2020 03:14,10/01/2020 03:15,N3
10/01/2020 03:15,10/01/2020 03:15,N3
10/01/2020 03:15,10/01/2020 03:16,N2
10/01/2020 03:16,10/01/2020 03:16,N2
10/01/2020 03:16,10/01/2020 03:17,N2
10/01/2020 03:17,10/01/2020 03:17,N2
10/01/2020 03:17,10/01/2020 03:18,N2
10/01/2020 03:18,10/01/2020 03:18,N2
10/01/2020 03:18,10/01/2020 03:19,Wake
10/01/2020 03:19,10/01/2020 03:19,Wake
10/01/2020 03:19,10/01/2020 03:20,N2
10/01/2020 03:20,10/01/2020 03:20,N2
10/01/2020 03:20,10/01/2020 03:21,N2
10/01/2020 03:21,10/01/2020 03:21,N2
10/01/2020 03:21,10/01/2020 03:22,N2
10/01/2020 03:22,10/01/2020 03:22,N2
10/01/2020 03:22,10/01/2020 03:23,N2
10/01/2020 03:23,10/01/2020 03:23,N2
10/01/2020 03:23,10/01/2020 03:24,N2
10/01/2020 03:24,10/01/2020 03:24,N2
10/01/2020 03:24,10/01/2020 03:25,N2
10/01/2020 03:25,10/01/2020 03:25,N2
10/01/2020 03:25,10/01/2020 03:26,N2
10/01/2020 03:26,10/01/2020 03:26,N2
10/01/2020 03:26,10/01/2020 03:27,N2
10/01/2020 03:27,10/01/2020 03:27,N2
10/01/2020 03:27,10/01/2020 03:28,N2
10/01/2020 03:28,10/01/2020 03:28,N2
10/01/2020 03:28,10/01/2020 03:29,N2
10/01/2020 03:29,10/01/2020 03:29,N2
10/01/2020 03:29,10/01/2020 03:30,N2
10/01/2020 03:30,10/01/2020 03:30,N2
10/01/2020 03:30,10/01/2020 03:31,N2
10/01/2020 03:31,10/01/2020 03:31,N2
10/01/2020 03:31,10/01/2020 03:32,N2
10/01/2020 03:32,10/01/2020 03:32,N2
10/01/2020 03:32,10/01/2020 03:33,N2
10/01/2020 03:33,10/01/2020 03:33,N2
10/01/2020 03:33,10/01/2020 03:34,N2
10/01/2020 03:34,10/01/2020 03:34,N2
10/01/2020 03:34,10/01/2020 03:35,N2
10/01/2020 03:35,10/01/2020 03:35,N2
10/01/2020 03:35,10/01/2020 03:36,N2
10/01/2020 03:36,10/01/2020 03:36,N2
10/01/2020 03:36,10/01/2020 03:37,N2
10/01/2020 03:37,10/01/2020 03:37,N2
10/01/2020 03:37,10/01/2020 03:38,N2
10/01/2020 03:38,10/01/2020 03:38,N2
10/01/2020 03:38,10/01/2020 03:39,N2
10/01/2020 03:39,10/01/2020 03:39,N2
10/01/2020 03:39,10/01/2020 03:40,N2
10/01/2020 03:40,10/01/2020 03:40,N2
10/01/2020 03:40,10/01/2020 03:41,N2
10/01/2020 03:41,10/01/2020 03:41,N2
10/01/2020 03:41,10/01/2020 03:42,N2
10/01/2020 03:42,10/01/2020 03:42,N2
10/01/2020 03:42,10/01/2020 03:43,N2
10/01/2020 03:43,10/01/2020 03:43,N2
10/01/2020 03:43,10/01/2020 03:44,N2
10/01/2020 03:44,10/01/2020 03:44,N2
10/01/2020 03:44,10/01/2020 03:45,N2
10/01/2020 03:45,10/01/2020 03:45,N2
10/01/2020 03:45,10/01/2020 03:46,N3
10/01/2020 03:46,10/01/2020 03:46,N3
10/01/2020 03:46,10/01/2020 03:47,N3
10/01/2020 03:47,10/01/2020 03:47,N3
10/01/2020 03:47,10/01/2020 03:48,N3
10/01/2020 03:48,10/01/2020 03:48,N3
10/01/2020 03:48,10/01/2020 03:49,N3
10/01/2020 03:49,10/01/2020 03:49,N3
10/01/2020 03:49,10/01/2020 03:50,N3
10/01/2020 03:50,10/01/2020 03:50,N3
10/01/2020 03:50,10/01/2020 03:51,N3
10/01/2020 03:51,10/01/2020 03:51,N3
10/01/2020 03:51,10/01/2020 03:52,N3
10/01/2020 03:52,10/01/2020 03:52,N3
10/01/2020 03:52,10/01/2020 03:53,N3
10/01/2020 03:53,10/01/2020 03:53,N3
10/01/2020 03:53,10/01/2020 03:54,N3
10/01/2020 03:54,10/01/2020 03:54,N3
10/01/2020 03:54,10/01/2020 03:55,N3
10/01/2020 03:55,10/01/2020 03:55,N2
10/01/2020 03:55,10/01/2020 03:56,N2
10/01/2020 03:56,10/01/2020 03:56,N2
10/01/2020 03:56,10/01/2020 03:57,N2
10/01/2020 03:57,10/01/2020 03:57,N2
10/01/2020 03:57,10/01/2020 03:58,N2
10/01/2020 03:58,10/01/2020 03:58,N2
10/01/2020 03:58,10/01/2020 03:59,N2
10/01/2020 03:59,10/01/2020 03:59,N2
10/01/2020 03:59,10/01/2020 04:00,N2
10/01/2020 04:00,10/01/2020 04:00,N2
10/01/2020 04:00,10/01/2020 04:01,N2
10/01/2020 04:01,10/01/2020 04:01,N2
10/01/2020 04:01,10/01/2020 04:02,N2
10/01/2020 04:02,10/01/2020 04:02,N2
10/01/2020 04:02,10/01/2020 04:03,N2
10/01/2020 04:03,10/01/2020 04:03,N2
10/01/2020 04:03,10/01/2020 04:04,N2
10/01/2020 04:04,10/01/2020 04:04,N2
10/01/2020 04:04,10/01/2020 04:05,N2
10/01/2020 04:05,10/01/2020 04:05,N2
10/01/2020 04:05,10/01/2020 04:06,N2
10/01/2020 04:06,10/01/2020 04:06,N2
10/01/2020 04:06,10/01/2020 04:07,N2
10/01/2020 04:07,10/01/2020 04:07,N2
10/01/2020 04:07,10/01/2020 04:08,N2
10/01/2020 04:08,10/01/2020 04:08,N2
10/01/2020 04:08,10/01/2020 04:09,N2
10/01/2020 04:09,10/01/2020 04:09,N2
10/01/2020 04:09,10/01/2020 04:10,N2
10/01/2020 04:10,10/01/2020 04:10,N2
10/01/2020 04:10,10/01/2020 04:11,REM
10/01/2020 04:11,10/01/2020 04:11,REM
10/01/2020 04:11,10/01/2020 04:12,REM
10/01/2020 04:12,10/01/2020 04:12,REM
10/01/2020 04:12,10/01/2020 04:13,REM
10/01/2020 04:13,10/01/2020 04:13,REM
10/01/2020 04:13,10/01/2020 04:14,REM
10/01/2020 04:14,10/01/2020 04:14,REM
10/01/2020 04:14,10/01/2020 04:15,REM
10/01/2020 04:15,10/01/2020 04:15,REM
10/01/2020 04:15,10/01/2020 04:16,REM
10/01/2020 04:16,10/01/2020 04:16,REM
10/01/2020 04:16,10/01/2020 04:17,REM
10/01/2020 04:17,10/01/2020 04:17,REM
10/01/2020 04:17,10/01/2020 04:18,N2
10/01/2020 04:18,10/01/2020 04:18,N2
10/01/2020 04:18,10/01/2020 04:19,N2
10/01/2020 04:19,10/01/2020 04:19,N2
10/01/2020 04:19,10/01/2020 04:20,N2
10/01/2020 04:20,10/01/2020 04:20,N2
10/01/2020 04:20,10/01/2020 04:21,N2
10/01/2020 04:21,10/01/2020 04:21,N2
10/01/2020 04:21,10/01/2020 04:22,N2
10/01/2020 04:22,10/01/2020 04:22,N2
10/01/2020 04:22,10/01/2020 04:23,N2
10/01/2020 04:23,10/01/2020 04:23,N2
10/01/2020 04:23,10/01/2020 04:24,N2
10/01/2020 04:24,10/01/2020 04:24,N2
10/01/2020 04:24,10/01/2020 04:25,N2
10/01/2020 04:25,10/01/2020 04:25,N2
10/01/2020 04:25,10/01/2020 04:26,N2
10/01/2020 04:26,10/01/2020 04:26,N2
10/01/2020 04:26,10/01/2020 04:27,N2
10/01/2020 04:27,10/01/2020 04:27,N2
10/01/2020 04:27,10/01/2020 04:28,N2
10/01/2020 04:28,10/01/2020 04:28,N2
10/01/2020 04:28,10/01/2020 04:29,N2
10/01/2020 04:29,10/01/2020 04:29,N2
10/01/2020 04:29,10/01/2020 04:30,N2
10/01/2020 04:30,10/01/2020 04:30,N2
10/01/2020 04:30,10/01/2020 04:31,N2
10/01/2020 04:31,10/01/2020 04:31,N2
10/01/2020 04:31,10/01/2020 04:32,N2
10/01/2020 04:32,10/01/2020 04:32,N2
10/01/2020 04:32,10/01/2020 04:33,N2
10/01/2020 04:33,10/01/2020 04:33,N2
10/01/2020 04:33,10/01/2020 04:34,N2
10/01/2020 04:34,10/01/2020 04:34,N2
10/01/2020 04:34,10/01/2020 04:35,N2
10/01/2020 04:35,10/01/2020 04:35,N2
10/01/2020 04:35,10/01/2020 04:36,N2
10/01/2020 04:36,10/01/2020 04:36,N2
10/01/2020 04:36,10/01/2020 04:37,N2
10/01/2020 04:37,10/01/2020 04:37,N2
10/01/2020 04:37,10/01/2020 04:38,N2
10/01/2020 04:38,10/01/2020 04:38,N2
10/01/2020 04:38,10/01/2020 04:39,N2
10/01/2020 04:39,10/01/2020 04:39,N2
10/01/2020 04:39,10/01/2020 04:40,N2
10/01/2020 04:40,10/01/2020 04:40,N2
10/01/2020 04:40,10/01/2020 04:41,N2
10/01/2020 04:41,10/01/2020 04:41,N2
10/01/2020 04:41,10/01/2020 04:42,N2
10/01/2020 04:42,10/01/2020 04:42,N2
10/01/2020 04:42,10/01/2020 04:43,N2
10/01/2020 04:43,10/01/2020 04:43,N2
10/01/2020 04:43,10/01/2020 04:44,N2
10/01/2020 04:44,10/01/2020 04:44,N2
10/01/2020 04:44,10/01/2020 04:45,N2
10/01/2020 04:45,10/01/2020 04:45,N2
10/01/2020 04:45,10/01/2020 04:46,N2
10/01/2020 04:46,10/01/2020 04:46,N2
10/01/2020 04:46,10/01/2020 04:47,N2
10/01/2020 04:47,10/01/2020 04:47,N2
10/01/2020 04:47,10/01/2020 04:48,N2
10/01/2020 04:48,10/01/2020 04:48,N2
10/01/2020 04:48,10/01/2020 04:49,N2
10/01/2020 04:49,10/01/2020 04:49,N2
10/01/2020 04:49,10/01/2020 04:50,N2
10/01/2020 04:50,10/01/2020 04:50,N2
10/01/2020 04:50,10/01/2020 04:51,N2
10/01/2020 04:51,10/01/2020 04:51,N2
10/01/2020 04:51,10/01/2020 04:52,N2
10/01/2020 04:52,10/01/2020 04:52,N2
10/01/2020 04:52,10/01/2020 04:53,N2
10/01/2020 04:53,10/01/2020 04:53,N2
10/01/2020 04:53,10/01/2020 04:54,N2
10/01/2020 04:54,10/01/2020 04:54,N2
10/01/2020 04:54,10/01/2020 04:55,N2
10/01/2020 04:55,10/01/2020 04:55,N2
10/01/2020 04:55,10/01/2020 04:56,N2
10/01/2020 04:56,10/01/2020 04:56,N2
10/01/2020 04:56,10/01/2020 04:57,N2
10/01/2020 04:57,10/01/2020 04:57,N2
10/01/2020 04:57,10/01/2020 04:58,N2
10/01/2020 04:58,10/01/2020 04:58,N3
10/01/2020 04:58,10/01/2020 04:59,N3
10/01/2020 04:59,10/01/2020 04:59,N3
10/01/2020 04:59,10/01/2020 05:00,N3
10/01/2020 05:00,10/01/2020 05:00,N3
10/01/2020 05:00,10/01/2020 05:01,N3
10/01/2020 05:01,10/01/2020 05:01,N3
10/01/2020 05:01,10/01/2020 05:02,N3
10/01/2020 05:02,10/01/2020 05:02,N3
10/01/2020 05:02,10/01/2020 05:03,N3
10/01/2020 05:03,10/01/2020 05:03,N3
10/01/2020 05:03,10/01/2020 05:04,N3
10/01/2020 05:04,10/01/2020 05:04,N3
10/01/2020 05:04,10/01/2020 05:05,N3
10/01/2020 05:05,10/01/2020 05:05,N3
10/01/2020 05:05,10/01/2020 05:06,N3
10/01/2020 05:06,10/01/2020 05:06,N3
10/01/2020 05:06,10/01/2020 05:07,N3
10/01/2020 05:07,10/01/2020 05:07,N3
10/01/2020 05:07,10/01/2020 05:08,N3
10/01/2020 05:08,10/01/2020 05:08,N3
10/01/2020 05:08,10/01/2020 05:09,N3
10/01/2020 05:09,10/01/2020 05:09,N3
10/01/2020 05:09,10/01/2020 05:10,N3
10/01/2020 05:10,10/01/2020 05:10,N3
10/01/2020 05:10,10/01/2020 05:11,N3
10/01/2020 05:11,10/01/2020 05:11,N3
10/01/2020 05:11,10/01/2020 05:12,N3
10/01/2020 05:12,10/01/2020 05:12,N3
10/01/2020 05:12,10/01/2020 05:13,N3
10/01/2020 05:13,10/01/2020 05:13,N3
10/01/2020 05:13,10/01/2020 05:14,N3
10/01/2020 05:14,10/01/2020 05:14,N3
10/01/2020 05:14,10/01/2020 05:15,N3
10/01/2020 05:15,10/01/2020 05:15,N3
10/01/2020 05:15,10/01/2020 05:16,N3
10/01/2020 05:16,10/01/2020 05:16,N3
10/01/2020 05:16,10/01/2020 05:17,N3
10/01/2020 05:17,10/01/2020 05:17,N3
10/01/2020 05:17,10/01/2020 05:18,N3
10/01/2020 05:18,10/01/2020 05:18,N3
10/01/2020 05:18,10/01/2020 05:19,N3
10/01/2020 05:19,10/01/2020 05:19,Wake
10/01/2020 05:19,10/01/2020 05:20,N2
10/01/2020 05:20,10/01/2020 05:20,N2
10/01/2020 05:20,10/01/2020 05:21,N2
10/01/2020 05:21,10/01/2020 05:21,N2
10/01/2020 05:21,10/01/2020 05:22,N2
10/01/2020 05:22,10/01/2020 05:22,N2
10/01/2020 05:22,10/01/2020 05:23,N2
10/01/2020 05:23,10/01/2020 05:23,N2
10/01/2020 05:23,10/01/2020 05:24,N2
10/01/2020 05:24,10/01/2020 05:24,N2
10/01/2020 05:24,10/01/2020 05:25,N2
10/01/2020 05:25,10/01/2020 05:25,N2
10/01/2020 05:25,10/01/2020 05:26,N2
10/01/2020 05:26,10/01/2020 05:26,N2
10/01/2020 05:26,10/01/2020 05:27,N2
10/01/2020 05:27,10/01/2020 05:27,N2
10/01/2020 05:27,10/01/2020 05:28,N2
10/01/2020 05:28,10/01/2020 05:28,N2
10/01/2020 05:28,10/01/2020 05:29,N2
10/01/2020 05:29,10/01/2020 05:29,N2
10/01/2020 05:29,10/01/2020 05:30,N2
10/01/2020 05:30,10/01/2020 05:30,N2
10/01/2020 05:30,10/01/2020 05:31,N2
10/01/2020 05:31,10/01/2020 05:31,N2
10/01/2020 05:31,10/01/2020 05:32,N2
10/01/2020 05:32,10/01/2020 05:32,N2
10/01/2020 05:32,10/01/2020 05:33,N2
10/01/2020 05:33,10/01/2020 05:33,N2
10/01/2020 05:33,10/01/2020 05:34,N2
10/01/2020 05:34,10/01/2020 05:34,N2
10/01/2020 05:34,10/01/2020 05:35,N2
10/01/2020 05:35,10/01/2020 05:35,N2
10/01/2020 05:35,10/01/2020 05:36,N2
10/01/2020 05:36,10/01/2020 05:36,N2
10/01/2020 05:36,10/01/2020 05:37,N2
10/01/2020 05:37,10/01/2020 05:37,N2
10/01/2020 05:37,10/01/2020 05:38,N2
10/01/2020 05:38,10/01/2020 05:38,N2
10/01/2020 05:38,10/01/2020 05:39,N2
10/01/2020 05:39,10/01/2020 05:39,N2
10/01/2020 05:39,10/01/2020 05:40,N2
10/01/2020 05:40,10/01/2020 05:40,N2
10/01/2020 05:40,10/01/2020 05:41,N2
10/01/2020 05:41,10/01/2020 05:41,N2
10/01/2020 05:41,10/01/2020 05:42,N2
10/01/2020 05:42,10/01/2020 05:42,N2
10/01/2020 05:42,10/01/2020 05:43,N2
10/01/2020 05:43,10/01/2020 05:43,N2
10/01/2020 05:43,10/01/2020 05:44,N2
10/01/2020 05:44,10/01/2020 05:44,REM
10/01/2020 05:44,10/01/2020 05:45,REM
10/01/2020 05:45,10/01/2020 05:45,REM
10/01/2020 05:45,10/01/2020 05:46,REM
10/01/2020 05:46,10/01/2020 05:46,REM
10/01/2020 05:46,10/01/2020 05:47,REM
10/01/2020 05:47,10/01/2020 05:47,REM
10/01/2020 05:47,10/01/2020 05:48,N2
10/01/2020 05:48,10/01/2020 05:48,Wake
10/01/2020 05:48,10/01/2020 05:49,N2
10/01/2020 05:49,10/01/2020 05:49,N2
10/01/2020 05:49,10/01/2020 05:50,N2
10/01/2020 05:50,10/01/2020 05:50,N2
10/01/2020 05:50,10/01/2020 05:51,N2
10/01/2020 05:51,10/01/2020 05:51,N2
10/01/2020 05:51,10/01/2020 05:52,N2
10/01/2020 05:52,10/01/2020 05:52,N2
10/01/2020 05:52,10/01/2020 05:53,N2
10/01/2020 05:53,10/01/2020 05:53,N2
10/01/2020 05:53,10/01/2020 05:54,N2
10/01/2020 05:54,10/01/2020 05:54,N2
10/01/2020 05:54,10/01/2020 05:55,N2
10/01/2020 05:55,10/01/2020 05:55,N2
10/01/2020 05:55,10/01/2020 05:56,N2
10/01/2020 05:56,10/01/2020 05:56,N2
10/01/2020 05:56,10/01/2020 05:57,REM
10/01/2020 05:57,10/01/2020 05:57,REM
10/01/2020 05:57,10/01/2020 05:58,REM
10/01/2020 05:58,10/01/2020 05:58,REM
10/01/2020 05:58,10/01/2020 05:59,REM
10/01/2020 05:59,10/01/2020 05:59,REM
10/01/2020 05:59,10/01/2020 06:00,REM
10/01/2020 06:00,10/01/2020 06:00,N2
10/01/2020 06:00,10/01/2020 06:01,N2
10/01/2020 06:01,10/01/2020 06:01,N2
10/01/2020 06:01,10/01/2020 06:02,N2
10/01/2020 06:02,10/01/2020 06:02,N2
10/01/2020 06:02,10/01/2020 06:03,N2
10/01/2020 06:03,10/01/2020 06:03,N2
10/01/2020 06:03,10/01/2020 06:04,N2
10/01/2020 06:04,10/01/2020 06:04,N2
10/01/2020 06:04,10/01/2020 06:05,N2
10/01/2020 06:05,10/01/2020 06:05,N2
10/01/2020 06:05,10/01/2020 06:06,N2
10/01/2020 06:06,10/01/2020 06:06,N2
10/01/2020 06:06,10/01/2020 06:07,N2
10/01/2020 06:07,10/01/2020 06:07,REM
10/01/2020 06:07,10/01/2020 06:08,REM
10/01/2020 06:08,10/01/2020 06:08,REM
10/01/2020 06:08,10/01/2020 06:09,REM
10/01/2020 06:09,10/01/2020 06:09,REM
10/01/2020 06:09,10/01/2020 06:10,REM
10/01/2020 06:10,10/01/2020 06:10,REM
10/01/2020 06:10,10/01/2020 06:11,REM
10/01/2020 06:11,10/01/2020 06:11,N2
10/01/2020 06:11,10/01/2020 06:12,N2
10/01/2020 06:12,10/01/2020 06:12,N2
10/01/2020 06:12,10/01/2020 06:13,N2
10/01/2020 06:13,10/01/2020 06:13,N2
10/01/2020 06:13,10/01/2020 06:14,N2
10/01/2020 06:14,10/01/2020 06:14,N2
10/01/2020 06:14,10/01/2020 06:15,N2
10/01/2020 06:15,10/01/2020 06:15,N2
10/01/2020 06:15,10/01/2020 06:16,N2
10/01/2020 06:16,10/01/2020 06:16,REM
10/01/2020 06:16,10/01/2020 06:17,REM
10/01/2020 06:17,10/01/2020 06:17,REM
10/01/2020 06:17,10/01/2020 06:18,REM
10/01/2020 06:18,10/01/2020 06:18,REM
10/01/2020 06:18,10/01/2020 06:19,REM
10/01/2020 06:19,10/01/2020 06:19,REM
10/01/2020 06:19,10/01/2020 06:20,REM
10/01/2020 06:20,10/01/2020 06:20,REM
10/01/2020 06:20,10/01/2020 06:21,REM
10/01/2020 06:21,10/01/2020 06:21,Wake
10/01/2020 06:21,10/01/2020 06:22,Wake
10/01/2020 06:22,10/01/2020 06:22,Wake
10/01/2020 06:22,10/01/2020 06:23,Wake
10/01/2020 06:23,10/01/2020 06:23,Wake
10/01/2020 06:23,10/01/2020 06:24,Wake
10/01/2020 06:24,10/01/2020 06:24,Wake
10/01/2020 06:24,10/01/2020 06:25,Wake
10/01/2020 06:25,10/01/2020 06:25,Wake
10/01/2020 06:25,10/01/2020 06:26,Wake
10/01/2020 06:26,10/01/2020 06:26,Wake
10/01/2020 06:26,10/01/2020 06:27,N1
10/01/2020 06:27,10/01/2020 06:27,N2
10/01/2020 06:27,10/01/2020 06:28,N2
10/01/2020 06:28,10/01/2020 06:28,N2
10/01/2020 06:28,10/01/2020 06:29,N2
10/01/2020 06:29,10/01/2020 06:29,N2
10/01/2020 06:29,10/01/2020 06:30,N2
10/01/2020 06:30,10/01/2020 06:30,N2
10/01/2020 06:30,10/01/2020 06:31,N2
10/01/2020 06:31,10/01/2020 06:31,N2
10/01/2020 06:31,10/01/2020 06:32,N2
10/01/2020 06:32,10/01/2020 06:32,N2
10/01/2020 06:32,10/01/2020 06:33,N2
10/01/2020 06:33,10/01/2020 06:33,N2
10/01/2020 06:33,10/01/2020 06:34,N2
10/01/2020 06:34,10/01/2020 06:34,N2
10/01/2020 06:34,10/01/2020 06:35,N2
10/01/2020 06:35,10/01/2020 06:35,N2
10/01/2020 06:35,10/01/2020 06:36,N2
10/01/2020 06:36,10/01/2020 06:36,N2
10/01/2020 06:36,10/01/2020 06:37,N2
10/01/2020 06:37,10/01/2020 06:37,N2
10/01/2020 06:37,10/01/2020 06:38,N2
10/01/2020 06:38,10/01/2020 06:38,N2
10/01/2020 06:38,10/01/2020 06:39,N2
10/01/2020 06:39,10/01/2020 06:39,N2
10/01/2020 06:39,10/01/2020 06:40,N2
10/01/2020 06:40,10/01/2020 06:40,N2
10/01/2020 06:40,10/01/2020 06:41,N2
10/01/2020 06:41,10/01/2020 06:41,N2
10/01/2020 06:41,10/01/2020 06:42,N2
10/01/2020 06:42,10/01/2020 06:42,N2
10/01/2020 06:42,10/01/2020 06:43,N2
10/01/2020 06:43,10/01/2020 06:43,N2
10/01/2020 06:43,10/01/2020 06:44,N2
10/01/2020 06:44,10/01/2020 06:44,N2
10/01/2020 06:44,10/01/2020 06:45,N2
10/01/2020 06:45,10/01/2020 06:45,N2
10/01/2020 06:45,10/01/2020 06:46,N2
10/01/2020 06:46,10/01/2020 06:46,N2
10/01/2020 06:46,10/01/2020 06:47,N2
10/01/2020 06:47,10/01/2020 06:47,N2
10/01/2020 06:47,10/01/2020 06:48,N2
10/01/2020 06:48,10/01/2020 06:48,N2
10/01/2020 06:48,10/01/2020 06:49,N2
10/01/2020 06:49,10/01/2020 06:49,N2
10/01/2020 06:49,10/01/2020 06:50,N2
10/01/2020 06:50,10/01/2020 06:50,N2
10/01/2020 06:50,10/01/2020 06:51,N2
10/01/2020 06:51,10/01/2020 06:51,N2
10/01/2020 06:51,10/01/2020 06:52,N2
10/01/2020 06:52,10/01/2020 06:52,N2
10/01/2020 06:52,10/01/2020 06:53,N2
10/01/2020 06:53,10/01/2020 06:53,N2
10/01/2020 06:53,10/01/2020 06:54,N2
10/01/2020 06:54,10/01/2020 06:54,N2
10/01/2020 06:54,10/01/2020 06:55,N2
10/01/2020 06:55,10/01/2020 06:55,N2
10/01/2020 06:55,10/01/2020 06:56,N2
10/01/2020 06:56,10/01/2020 06:56,N2
10/01/2020 06:56,10/01/2020 06:57,N2
10/01/2020 06:57,10/01/2020 06:57,N2
10/01/2020 06:57,10/01/2020 06:58,N2
10/01/2020 06:58,10/01/2020 06:58,N2
10/01/2020 06:58,10/01/2020 06:59,N2
10/01/2020 06:59,10/01/2020 06:59,N2
10/01/2020 06:59,10/01/2020 07:00,N2
10/01/2020 07:00,10/01/2020 07:00,N2
10/01/2020 07:00,10/01/2020 07:01,N2
10/01/2020 07:01,10/01/2020 07:01,N2
10/01/2020 07:01,10/01/2020 07:02,N2
10/01/2020 07:02,10/01/2020 07:02,N2
10/01/2020 07:02,10/01/2020 07:03,N2
10/01/2020 07:03,10/01/2020 07:03,N2
10/01/2020 07:03,10/01/2020 07:04,N2
10/01/2020 07:04,10/01/2020 07:04,N2
10/01/2020 07:04,10/01/2020 07:05,N2
10/01/2020 07:05,10/01/2020 07:05,N2
10/01/2020 07:05,10/01/2020 07:06,N2
10/01/2020 07:06,10/01/2020 07:06,N2
10/01/2020 07:06,10/01/2020 07:07,N2
10/01/2020 07:07,10/01/2020 07:07,N2
10/01/2020 07:07,10/01/2020 07:08,N2
10/01/2020 07:08,10/01/2020 07:08,N2
10/01/2020 07:08,10/01/2020 07:09,N2
10/01/2020 07:09,10/01/2020 07:09,N2
10/01/2020 07:09,10/01/2020 07:10,N2
10/01/2020 07:10,10/01/2020 07:10,N2
10/01/2020 07:10,10/01/2020 07:11,N2
10/01/2020 07:11,10/01/2020 07:11,N2
10/01/2020 07:11,10/01/2020 07:12,N2
10/01/2020 07:12,10/01/2020 07:12,N2
10/01/2020 07:12,10/01/2020 07:13,N2
10/01/2020 07:13,10/01/2020 07:13,N2
10/01/2020 07:13,10/01/2020 07:14,N2
10/01/2020 07:14,10/01/2020 07:14,N2
10/01/2020 07:14,10/01/2020 07:15,N2
10/01/2020 07:15,10/01/2020 07:15,N2
10/01/2020 07:15,10/01/2020 07:16,N2
10/01/2020 07:16,10/01/2020 07:16,N2
10/01/2020 07:16,10/01/2020 07:17,N2
10/01/2020 07:17,10/01/2020 07:17,N2
10/01/2020 07:17,10/01/2020 07:18,N2
10/01/2020 07:18,10/01/2020 07:18,N2
10/01/2020 07:18,10/01/2020 07:19,N2
10/01/2020 07:19,10/01/2020 07:19,N2
10/01/2020 07:19,10/01/2020 07:20,N2
10/01/2020 07:20,10/01/2020 07:20,N2
10/01/2020 07:20,10/01/2020 07:21,N2
10/01/2020 07:21,10/01/2020 07:21,N2
10/01/2020 07:21,10/01/2020 07:22,N2
10/01/2020 07:22,10/01/2020 07:22,N2
10/01/2020 07:22,10/01/2020 07:23,N2
10/01/2020 07:23,10/01/2020 07:23,N2
10/01/2020 07:23,10/01/2020 07:24,N2
10/01/2020 07:24,10/01/2020 07:24,Wake
10/01/2020 07:24,10/01/2020 07:25,Wake
10/01/2020 07:25,10/01/2020 07:25,Wake
10/01/2020 07:25,10/01/2020 07:26,Wake
10/01/2020 07:26,10/01/2020 07:26,Wake
10/01/2020 07:26,10/01/2020 07:27,Wake
10/01/2020 07:27,10/01/2020 07:27,Wake
10/01/2020 07:27,10/01/2020 07:28,Wake
10/01/2020 07:28,10/01/2020 07:28,Wake
10/01/2020 07:28,10/01/2020 07:29,Wake
10/01/2020 07:29,10/01/2020 07:29,Wake
10/01/2020 07:29,10/01/2020 07:30,Wake
10/01/2020 07:30,10/01/2020 07:30,Wake
10/01/2020 07:30,10/01/2020 07:31,Wake
10/01/2020 07:31,10/01/2020 07:31,Wake
10/01/2020 07:31,10/01/2020 07:32,Wake
10/01/2020 07:32,10/01/2020 07:32,Wake
10/01/2020 07:32,10/01/2020 07:33,Wake
10/01/2020 07:33,10/01/2020 07:33,Wake
10/01/2020 07:33,10/01/2020 07:34,Wake
10/01/2020 07:34,10/01/2020 07:34,Wake
10/01/2020 07:34,10/01/2020 07:35,Wake
10/01/2020 07:35,10/01/2020 07:35,Wake
10/01/2020 07:35,10/01/2020 07:36,Wake
10/01/2020 07:36,10/01/2020 07:36,Wake
10/01/2020 07:36,10/01/2020 07:37,Wake
10/01/2020 07:37,10/01/2020 07:37,Wake
10/01/2020 07:37,10/01/2020 07:38,Wake
10/01/2020 07:38,10/01/2020 07:38,Wake
10/01/2020 07:38,10/01/2020 07:39,Wake
10/01/2020 07:39,10/01/2020 07:39,Wake
10/01/2020 07:39,10/01/2020 07:40,Wake
10/01/2020 07:40,10/01/2020 07:40,Wake
10/01/2020 07:40,10/01/2020 07:41,Wake
10/01/2020 07:41,10/01/2020 07:41,Wake
10/01/2020 07:41,10/01/2020 07:42,Wake
10/01/2020 07:42,10/01/2020 07:42,Wake
10/01/2020 07:42,10/01/2020 07:43,Wake
10/01/2020 07:43,10/01/2020 07:43,Wake
10/01/2020 07:43,10/01/2020 07:44,Wake
10/01/2020 07:44,10/01/2020 07:44,Wake
10/01/2020 07:44,10/01/2020 07:45,Wake
10/01/2020 07:45,10/01/2020 07:45,Wake
10/01/2020 07:45,10/01/2020 07:46,Wake
10/01/2020 07:46,10/01/2020 07:46,Wake
10/01/2020 07:46,10/01/2020 07:47,Wake
10/01/2020 07:47,10/01/2020 07:47,Wake
10/01/2020 07:47,10/01/2020 07:48,Wake
10/01/2020 07:48,10/01/2020 07:48,Wake
10/01/2020 07:48,10/01/2020 07:49,Wake
10/01/2020 07:49,10/01/2020 07:49,Wake
10/01/2020 07:49,10/01/2020 07:50,Wake
10/01/2020 07:50,10/01/2020 07:50,Wake
10/01/2020 07:50,10/01/2020 07:51,Wake
10/01/2020 07:51,10/01/2020 07:51,Wake
10/01/2020 07:51,10/01/2020 07:52,Wake
10/01/2020 07:52,10/01/2020 07:52,Wake
10/01/2020 07:52,10/01/2020 07:53,Wake
10/01/2020 07:53,10/01/2020 07:53,Wake
10/01/2020 07:53,10/01/2020 07:54,Wake
10/01/2020 07:54,10/01/2020 07:54,Wake
10/01/2020 07:54,10/01/2020 07:55,Wake
10/01/2020 07:55,10/01/2020 07:55,Wake
10/01/2020 07:55,10/01/2020 07:56,Wake
10/01/2020 07:56,10/01/2020 07:56,Wake
10/01/2020 07:56,10/01/2020 07:57,Wake
10/01/2020 07:57,10/01/2020 07:57,Wake
10/01/2020 07:57,10/01/2020 07:58,Wake
10/01/2020 07:58,10/01/2020 07:58,Wake
10/01/2020 07:58,10/01/2020 07:59,Wake
10/01/2020 07:59,10/01/2020 07:59,Wake
10/01/2020 07:59,10/01/2020 08:00,REM
10/01/2020 08:00,10/01/2020 08:00,REM
10/01/2020 08:00,10/01/2020 08:01,REM
10/01/2020 08:01,10/01/2020 08:01,REM
10/01/2020 08:01,10/01/2020 08:02,REM
10/01/2020 08:02,10/01/2020 08:02,REM
10/01/2020 08:02,10/01/2020 08:03,REM
10/01/2020 08:03,10/01/2020 08:03,REM
10/01/2020 08:03,10/01/2020 08:04,REM
10/01/2020 08:04,10/01/2020 08:04,REM
10/01/2020 08:04,10/01/2020 08:05,REM
10/01/2020 08:05,10/01/2020 08:05,REM
10/01/2020 08:05,10/01/2020 08:06,REM
10/01/2020 08:06,10/01/2020 08:06,REM
10/01/2020 08:06,10/01/2020 08:07,REM
10/01/2020 08:07,10/01/2020 08:07,REM
10/01/2020 08:07,10/01/2020 08:08,REM
10/01/2020 08:08,10/01/2020 08:08,REM
10/01/2020 08:08,10/01/2020 08:09,REM
10/01/2020 08:09,10/01/2020 08:09,REM
10/01/2020 08:09,10/01/2020 08:10,REM
10/01/2020 08:10,10/01/2020 08:10,REM
10/01/2020 08:10,10/01/2020 08:11,REM
10/01/2020 08:11,10/01/2020 08:11,REM
10/01/2020 08:11,10/01/2020 08:12,REM
10/01/2020 08:12,10/01/2020 08:12,REM
10/01/2020 08:12,10/01/2020 08:13,REM
10/01/2020 08:13,10/01/2020 08:13,REM
10/01/2020 08:13,10/01/2020 08:14,REM
10/01/2020 08:14,10/01/2020 08:14,REM
10/01/2020 08:14,10/01/2020 08:15,REM
10/01/2020 08:15,10/01/2020 08:15,REM
10/01/2020 08:15,10/01/2020 08:16,REM
10/01/2020 08:16,10/01/2020 08:16,REM
10/01/2020 08:16,10/01/2020 08:17,REM
10/01/2020 08:17,10/01/2020 08:17,REM
10/01/2020 08:17,10/01/2020 08:18,Wake
10/01/2020 08:18,10/01/2020 08:18,Wake
10/01/2020 08:18,10/01/2020 08:19,Wake
10/01/2020 08:19,10/01/2020 08:19,Wake
10/01/2020 08:19,10/01/2020 08:20,Wake
10/01/2020 08:20,10/01/2020 08:20,Wake
10/01/2020 08:20,10/01/2020 08:21,Wake
10/01/2020 08:21,10/01/2020 08:21,Wake
10/01/2020 08:21,10/01/2020 08:22,Wake
10/01/2020 08:22,10/01/2020 08:22,Wake
10/01/2020 08:22,10/01/2020 08:23,Wake
10/01/2020 08:23,10/01/2020 08:23,Wake
10/01/2020 08:23,10/01/2020 08:24,Wake
10/01/2020 08:24,10/01/2020 08:24,Wake
10/01/2020 08:24,10/01/2020 08:25,Wake
10/01/2020 08:25,10/01/2020 08:25,Wake
10/01/2020 08:25,10/01/2020 08:26,Wake
10/01/2020 08:26,10/01/2020 08:26,Wake
10/01/2020 08:26,10/01/2020 08:27,Wake
10/01/2020 08:27,10/01/2020 08:27,Wake
10/01/2020 08:27,10/01/2020 08:28,Wake
10/01/2020 08:28,10/01/2020 08:28,Wake
10/01/2020 08:28,10/01/2020 08:29,Wake
10/01/2020 08:29,10/01/2020 08:29,Wake
10/01/2020 08:29,10/01/2020 08:30,Wake
10/01/2020 08:30,10/01/2020 08:30,Wake
10/01/2020 08:30,10/01/2020 08:31,Wake
10/01/2020 08:31,10/01/2020 08:31,Wake
10/01/2020 08:31,10/01/2020 08:32,Wake
10/01/2020 08:32,10/01/2020 08:32,Wake
10/01/2020 08:32,10/01/2020 08:33,Wake
10/01/2020 08:33,10/01/2020 08:33,Wake
10/01/2020 08:33,10/01/2020 08:34,Wake
10/01/2020 08:34,10/01/2020 08:34,Wake
10/01/2020 08:34,10/01/2020 08:35,Wake
10/01/2020 08:35,10/01/2020 08:35,Wake
10/01/2020 08:35,10/01/2020 08:36,Wake
10/01/2020 08:36,10/01/2020 08:36,Wake
10/01/2020 08:36,10/01/2020 08:37,Wake
10/01/2020 08:37,10/01/2020 08:37,Wake
10/01/2020 08:37,10/01/2020 08:38,Wake
10/01/2020 08:38,10/01/2020 08:38,Wake
10/01/2020 08:38,10/01/2020 08:39,Wake
10/01/2020 08:39,10/01/2020 08:39,Wake
10/01/2020 08:39,10/01/2020 08:40,Wake
10/01/2020 08:40,10/01/2020 08:40,Wake
10/01/2020 08:40,10/01/2020 08:41,Wake
10/01/2020 08:41,10/01/2020 08:41,Wake
10/01/2020 08:41,10/01/2020 08:42,Wake
10/01/2020 08:42,10/01/2020 08:42,Wake
10/01/2020 08:42,10/01/2020 08:43,Wake
10/01/2020 08:43,10/01/2020 08:43,Wake
10/01/2020 08:43,10/01/2020 08:44,Wake
10/01/2020 08:44,10/01/2020 08:44,Wake
10/01/2020 08:44,10/01/2020 08:45,Wake
10/01/2020 08:45,10/01/2020 08:45,Wake
10/01/2020 08:45,10/01/2020 08:46,Wake
10/01/2020 08:46,10/01/2020 08:46,Wake
10/01/2020 08:46,10/01/2020 08:47,Wake
10/01/2020 08:47,10/01/2020 08:47,Wake
10/01/2020 08:47,10/01/2020 08:48,Wake
10/01/2020 08:48,10/01/2020 08:48,Wake
10/01/2020 08:48,10/01/2020 08:49,Wake
10/01/2020 08:49,10/01/2020 08:49,Wake
10/01/2020 08:49,10/01/2020 08:50,Wake
10/01/2020 08:50,10/01/2020 08:50,Wake